,cpu_model_name,nb_cpu_cores,RAM_size,day,hour,cpu_freq_limit percent,current_cpu_frequency_limits,cpu_usage_percent,ram_usage_percent,energy_consumption
0,Intel(R) Core(TM) i5-4210U CPU @ 1.70GHz,4,3898112,2021-07-23,14:49:52,0,800,100,29.56,3.98
1,Intel(R) Core(TM) i5-4210U CPU @ 1.70GHz,4,3898112,2021-07-23,14:49:54,0,800,100,30.00,3.99
2,Intel(R) Core(TM) i5-4210U CPU @ 1.70GHz,4,3898112,2021-07-23,14:49:57,0,800,100,29.49,3.98
3,Intel(R) Core(TM) i5-4210U CPU @ 1.70GHz,4,3898112,2021-07-23,14:49:59,0,800,100,29.50,3.99
4,Intel(R) Core(TM) i5-4210U CPU @ 1.70GHz,4,3898112,2021-07-23,14:50:01,0,800,100,29.93,3.98
5,Intel(R) Core(TM) i5-4210U CPU @ 1.70GHz,4,3898112,2021-07-23,14:50:13,1,819,100,29.55,3.99
6,Intel(R) Core(TM) i5-4210U CPU @ 1.70GHz,4,3898112,2021-07-23,14:50:15,1,819,100,29.55,3.98
7,Intel(R) Core(TM) i5-4210U CPU @ 1.70GHz,4,3898112,2021-07-23,14:50:18,1,819,100,30.10,3.98
8,Intel(R) Core(TM) i5-4210U CPU @ 1.70GHz,4,3898112,2021-07-23,14:50:20,1,819,100,29.33,3.99
9,Intel(R) Core(TM) i5-4210U CPU @ 1.70GHz,4,3898112,2021-07-23,14:50:37,2,838,100,29.35,3.98
10,Intel(R) Core(TM) i5-4210U CPU @ 1.70GHz,4,3898112,2021-07-23,14:50:39,2,838,100,29.60,3.98
11,Intel(R) Core(TM) i5-4210U CPU @ 1.70GHz,4,3898112,2021-07-23,14:50:42,2,838,100,29.36,3.99
12,Intel(R) Core(TM) i5-4210U CPU @ 1.70GHz,4,3898112,2021-07-23,14:50:44,2,838,100,29.50,3.99
13,Intel(R) Core(TM) i5-4210U CPU @ 1.70GHz,4,3898112,2021-07-23,14:50:56,3,857,100,29.41,3.99
14,Intel(R) Core(TM) i5-4210U CPU @ 1.70GHz,4,3898112,2021-07-23,14:50:59,3,857,100,30.20,3.97
15,Intel(R) Core(TM) i5-4210U CPU @ 1.70GHz,4,3898112,2021-07-23,14:51:01,3,857,99,29.45,3.97
16,Intel(R) Core(TM) i5-4210U CPU @ 1.70GHz,4,3898112,2021-07-23,14:51:03,3,857,100,29.49,3.99
17,Intel(R) Core(TM) i5-4210U CPU @ 1.70GHz,4,3898112,2021-07-23,14:51:18,4,876,100,30.28,3.99
18,Intel(R) Core(TM) i5-4210U CPU @ 1.70GHz,4,3898112,2021-07-23,14:51:20,4,876,100,29.52,3.99
19,Intel(R) Core(TM) i5-4210U CPU @ 1.70GHz,4,3898112,2021-07-23,14:51:23,4,876,100,30.28,3.99
20,Intel(R) Core(TM) i5-4210U CPU @ 1.70GHz,4,3898112,2021-07-23,14:51:25,4,876,100,29.55,3.99
21,Intel(R) Core(TM) i5-4210U CPU @ 1.70GHz,4,3898112,2021-07-23,14:51:40,5,895,100,29.60,3.97
22,Intel(R) Core(TM) i5-4210U CPU @ 1.70GHz,4,3898112,2021-07-23,14:51:42,5,895,100,29.60,3.99
23,Intel(R) Core(TM) i5-4210U CPU @ 1.70GHz,4,3898112,2021-07-23,14:51:45,5,895,100,29.59,3.98
24,Intel(R) Core(TM) i5-4210U CPU @ 1.70GHz,4,3898112,2021-07-23,14:51:47,5,895,100,29.63,3.98
25,Intel(R) Core(TM) i5-4210U CPU @ 1.70GHz,4,3898112,2021-07-23,14:52:02,6,914,100,29.64,3.99
26,Intel(R) Core(TM) i5-4210U CPU @ 1.70GHz,4,3898112,2021-07-23,14:52:04,6,914,100,29.76,3.99
27,Intel(R) Core(TM) i5-4210U CPU @ 1.70GHz,4,3898112,2021-07-23,14:52:07,6,914,100,29.66,3.97
28,Intel(R) Core(TM) i5-4210U CPU @ 1.70GHz,4,3898112,2021-07-23,14:52:09,6,914,100,29.69,3.98
29,Intel(R) Core(TM) i5-4210U CPU @ 1.70GHz,4,3898112,2021-07-23,14:52:21,7,933,100,29.74,3.99
30,Intel(R) Core(TM) i5-4210U CPU @ 1.70GHz,4,3898112,2021-07-23,14:52:23,7,933,100,29.74,3.98
31,Intel(R) Core(TM) i5-4210U CPU @ 1.70GHz,4,3898112,2021-07-23,14:52:26,7,933,100,29.73,3.97
32,Intel(R) Core(TM) i5-4210U CPU @ 1.70GHz,4,3898112,2021-07-23,14:52:28,7,933,100,29.76,3.98
33,Intel(R) Core(TM) i5-4210U CPU @ 1.70GHz,4,3898112,2021-07-23,14:52:43,8,952,100,29.77,3.98
34,Intel(R) Core(TM) i5-4210U CPU @ 1.70GHz,4,3898112,2021-07-23,14:52:45,8,952,100,30.47,3.96
35,Intel(R) Core(TM) i5-4210U CPU @ 1.70GHz,4,3898112,2021-07-23,14:52:48,8,952,100,29.84,3.98
36,Intel(R) Core(TM) i5-4210U CPU @ 1.70GHz,4,3898112,2021-07-23,14:52:50,8,952,100,30.25,3.99
37,Intel(R) Core(TM) i5-4210U CPU @ 1.70GHz,4,3898112,2021-07-23,14:53:03,9,971,100,29.92,3.99
38,Intel(R) Core(TM) i5-4210U CPU @ 1.70GHz,4,3898112,2021-07-23,14:53:05,9,971,100,29.89,3.97
39,Intel(R) Core(TM) i5-4210U CPU @ 1.70GHz,4,3898112,2021-07-23,14:53:08,9,971,100,30.70,3.98
40,Intel(R) Core(TM) i5-4210U CPU @ 1.70GHz,4,3898112,2021-07-23,14:53:10,9,971,100,29.91,3.97
41,Intel(R) Core(TM) i5-4210U CPU @ 1.70GHz,4,3898112,2021-07-23,14:53:25,10,990,100,29.99,3.97
42,Intel(R) Core(TM) i5-4210U CPU @ 1.70GHz,4,3898112,2021-07-23,14:53:27,10,990,100,30.10,3.99
43,Intel(R) Core(TM) i5-4210U CPU @ 1.70GHz,4,3898112,2021-07-23,14:53:30,10,990,100,30.02,3.98
44,Intel(R) Core(TM) i5-4210U CPU @ 1.70GHz,4,3898112,2021-07-23,14:53:32,10,990,100,29.99,3.98
45,Intel(R) Core(TM) i5-4210U CPU @ 1.70GHz,4,3898112,2021-07-23,14:53:44,11,1009,100,30.00,3.99
46,Intel(R) Core(TM) i5-4210U CPU @ 1.70GHz,4,3898112,2021-07-23,14:53:47,11,1009,100,30.78,3.98
47,Intel(R) Core(TM) i5-4210U CPU @ 1.70GHz,4,3898112,2021-07-23,14:53:49,11,1009,100,30.03,3.98
48,Intel(R) Core(TM) i5-4210U CPU @ 1.70GHz,4,3898112,2021-07-23,14:53:52,11,1009,100,30.78,3.99
49,Intel(R) Core(TM) i5-4210U CPU @ 1.70GHz,4,3898112,2021-07-23,14:54:04,12,1028,100,30.89,3.98
50,Intel(R) Core(TM) i5-4210U CPU @ 1.70GHz,4,3898112,2021-07-23,14:54:07,12,1028,100,30.84,3.98
51,Intel(R) Core(TM) i5-4210U CPU @ 1.70GHz,4,3898112,2021-07-23,14:54:09,12,1028,100,30.84,3.99
52,Intel(R) Core(TM) i5-4210U CPU @ 1.70GHz,4,3898112,2021-07-23,14:54:11,12,1028,100,30.09,3.99
53,Intel(R) Core(TM) i5-4210U CPU @ 1.70GHz,4,3898112,2021-07-23,14:54:26,13,1047,100,30.91,3.98
54,Intel(R) Core(TM) i5-4210U CPU @ 1.70GHz,4,3898112,2021-07-23,14:54:28,13,1047,100,30.90,3.99
55,Intel(R) Core(TM) i5-4210U CPU @ 1.70GHz,4,3898112,2021-07-23,14:54:31,13,1047,100,30.90,3.99
56,Intel(R) Core(TM) i5-4210U CPU @ 1.70GHz,4,3898112,2021-07-23,14:54:33,13,1047,100,30.90,3.98
57,Intel(R) Core(TM) i5-4210U CPU @ 1.70GHz,4,3898112,2021-07-23,14:54:48,14,1066,100,30.17,3.98
58,Intel(R) Core(TM) i5-4210U CPU @ 1.70GHz,4,3898112,2021-07-23,14:54:50,14,1066,100,30.17,3.98
59,Intel(R) Core(TM) i5-4210U CPU @ 1.70GHz,4,3898112,2021-07-23,14:54:53,14,1066,100,30.97,3.99
60,Intel(R) Core(TM) i5-4210U CPU @ 1.70GHz,4,3898112,2021-07-23,14:54:55,14,1066,100,30.18,3.99
61,Intel(R) Core(TM) i5-4210U CPU @ 1.70GHz,4,3898112,2021-07-23,14:55:08,15,1085,100,31.02,3.99
62,Intel(R) Core(TM) i5-4210U CPU @ 1.70GHz,4,3898112,2021-07-23,14:55:10,15,1085,100,30.23,3.98
63,Intel(R) Core(TM) i5-4210U CPU @ 1.70GHz,4,3898112,2021-07-23,14:55:13,15,1085,100,31.03,3.99
64,Intel(R) Core(TM) i5-4210U CPU @ 1.70GHz,4,3898112,2021-07-23,14:55:15,15,1085,100,30.25,4.00
65,Intel(R) Core(TM) i5-4210U CPU @ 1.70GHz,4,3898112,2021-07-23,14:55:27,16,1104,100,30.27,3.99
66,Intel(R) Core(TM) i5-4210U CPU @ 1.70GHz,4,3898112,2021-07-23,14:55:30,16,1104,100,31.08,3.98
67,Intel(R) Core(TM) i5-4210U CPU @ 1.70GHz,4,3898112,2021-07-23,14:55:32,16,1104,100,30.31,3.97
68,Intel(R) Core(TM) i5-4210U CPU @ 1.70GHz,4,3898112,2021-07-23,14:55:35,16,1104,100,31.13,3.99
69,Intel(R) Core(TM) i5-4210U CPU @ 1.70GHz,4,3898112,2021-07-23,14:55:50,17,1123,100,31.14,4.00
70,Intel(R) Core(TM) i5-4210U CPU @ 1.70GHz,4,3898112,2021-07-23,14:55:52,17,1123,100,30.37,3.99
71,Intel(R) Core(TM) i5-4210U CPU @ 1.70GHz,4,3898112,2021-07-23,14:55:55,17,1123,100,31.15,3.99
72,Intel(R) Core(TM) i5-4210U CPU @ 1.70GHz,4,3898112,2021-07-23,14:55:57,17,1123,100,30.37,3.99
73,Intel(R) Core(TM) i5-4210U CPU @ 1.70GHz,4,3898112,2021-07-23,14:56:09,18,1142,100,30.37,3.99
74,Intel(R) Core(TM) i5-4210U CPU @ 1.70GHz,4,3898112,2021-07-23,14:56:12,18,1142,100,31.10,3.99
75,Intel(R) Core(TM) i5-4210U CPU @ 1.70GHz,4,3898112,2021-07-23,14:56:14,18,1142,100,30.37,3.99
76,Intel(R) Core(TM) i5-4210U CPU @ 1.70GHz,4,3898112,2021-07-23,14:56:17,18,1142,100,30.38,3.98
77,Intel(R) Core(TM) i5-4210U CPU @ 1.70GHz,4,3898112,2021-07-23,14:56:29,19,1161,100,31.23,3.98
78,Intel(R) Core(TM) i5-4210U CPU @ 1.70GHz,4,3898112,2021-07-23,14:56:31,19,1161,100,30.48,3.99
79,Intel(R) Core(TM) i5-4210U CPU @ 1.70GHz,4,3898112,2021-07-23,14:56:34,19,1161,100,31.27,3.99
80,Intel(R) Core(TM) i5-4210U CPU @ 1.70GHz,4,3898112,2021-07-23,14:56:36,19,1161,100,31.26,3.98
81,Intel(R) Core(TM) i5-4210U CPU @ 1.70GHz,4,3898112,2021-07-23,14:56:51,20,1180,100,30.54,3.98
82,Intel(R) Core(TM) i5-4210U CPU @ 1.70GHz,4,3898112,2021-07-23,14:56:53,20,1180,100,30.56,3.98
83,Intel(R) Core(TM) i5-4210U CPU @ 1.70GHz,4,3898112,2021-07-23,14:56:56,20,1180,100,30.88,3.98
84,Intel(R) Core(TM) i5-4210U CPU @ 1.70GHz,4,3898112,2021-07-23,14:56:58,20,1180,100,30.56,3.99
85,Intel(R) Core(TM) i5-4210U CPU @ 1.70GHz,4,3898112,2021-07-23,14:57:11,21,1199,100,30.58,3.99
86,Intel(R) Core(TM) i5-4210U CPU @ 1.70GHz,4,3898112,2021-07-23,14:57:13,21,1199,100,30.59,3.99
87,Intel(R) Core(TM) i5-4210U CPU @ 1.70GHz,4,3898112,2021-07-23,14:57:16,21,1199,100,30.62,3.98
88,Intel(R) Core(TM) i5-4210U CPU @ 1.70GHz,4,3898112,2021-07-23,14:57:18,21,1199,100,30.63,3.99
89,Intel(R) Core(TM) i5-4210U CPU @ 1.70GHz,4,3898112,2021-07-23,14:57:34,22,1218,100,31.42,4.42
90,Intel(R) Core(TM) i5-4210U CPU @ 1.70GHz,4,3898112,2021-07-23,14:57:36,22,1218,100,30.64,4.43
91,Intel(R) Core(TM) i5-4210U CPU @ 1.70GHz,4,3898112,2021-07-23,14:57:38,22,1218,100,30.64,4.42
92,Intel(R) Core(TM) i5-4210U CPU @ 1.70GHz,4,3898112,2021-07-23,14:57:41,22,1218,100,31.44,4.45
93,Intel(R) Core(TM) i5-4210U CPU @ 1.70GHz,4,3898112,2021-07-23,14:57:53,23,1237,100,30.70,4.43
94,Intel(R) Core(TM) i5-4210U CPU @ 1.70GHz,4,3898112,2021-07-23,14:57:56,23,1237,100,30.69,4.43
95,Intel(R) Core(TM) i5-4210U CPU @ 1.70GHz,4,3898112,2021-07-23,14:57:58,23,1237,100,30.70,3.99
96,Intel(R) Core(TM) i5-4210U CPU @ 1.70GHz,4,3898112,2021-07-23,14:58:01,23,1237,100,31.52,4.43
97,Intel(R) Core(TM) i5-4210U CPU @ 1.70GHz,4,3898112,2021-07-23,14:58:16,24,1256,100,31.55,4.43
98,Intel(R) Core(TM) i5-4210U CPU @ 1.70GHz,4,3898112,2021-07-23,14:58:18,24,1256,100,30.76,3.98
99,Intel(R) Core(TM) i5-4210U CPU @ 1.70GHz,4,3898112,2021-07-23,14:58:21,24,1256,100,31.54,4.41
100,Intel(R) Core(TM) i5-4210U CPU @ 1.70GHz,4,3898112,2021-07-23,14:58:23,24,1256,100,30.76,4.42
101,Intel(R) Core(TM) i5-4210U CPU @ 1.70GHz,4,3898112,2021-07-23,14:58:36,25,1275,100,30.82,4.40
102,Intel(R) Core(TM) i5-4210U CPU @ 1.70GHz,4,3898112,2021-07-23,14:58:38,25,1275,100,31.23,4.42
103,Intel(R) Core(TM) i5-4210U CPU @ 1.70GHz,4,3898112,2021-07-23,14:58:41,25,1275,100,30.81,4.41
104,Intel(R) Core(TM) i5-4210U CPU @ 1.70GHz,4,3898112,2021-07-23,14:58:43,25,1275,100,31.12,4.42
105,Intel(R) Core(TM) i5-4210U CPU @ 1.70GHz,4,3898112,2021-07-23,14:58:56,26,1294,100,30.88,3.98
106,Intel(R) Core(TM) i5-4210U CPU @ 1.70GHz,4,3898112,2021-07-23,14:58:59,26,1294,100,31.67,4.42
107,Intel(R) Core(TM) i5-4210U CPU @ 1.70GHz,4,3898112,2021-07-23,14:59:01,26,1294,100,30.88,4.45
108,Intel(R) Core(TM) i5-4210U CPU @ 1.70GHz,4,3898112,2021-07-23,14:59:04,26,1294,100,30.90,4.45
109,Intel(R) Core(TM) i5-4210U CPU @ 1.70GHz,4,3898112,2021-07-23,14:59:17,27,1313,100,31.69,4.40
110,Intel(R) Core(TM) i5-4210U CPU @ 1.70GHz,4,3898112,2021-07-23,14:59:19,27,1313,100,30.91,4.44
111,Intel(R) Core(TM) i5-4210U CPU @ 1.70GHz,4,3898112,2021-07-23,14:59:22,27,1313,100,31.68,4.42
112,Intel(R) Core(TM) i5-4210U CPU @ 1.70GHz,4,3898112,2021-07-23,14:59:24,27,1313,100,30.88,4.46
113,Intel(R) Core(TM) i5-4210U CPU @ 1.70GHz,4,3898112,2021-07-23,14:59:37,28,1332,100,30.97,4.46
114,Intel(R) Core(TM) i5-4210U CPU @ 1.70GHz,4,3898112,2021-07-23,14:59:39,28,1332,100,30.97,4.41
115,Intel(R) Core(TM) i5-4210U CPU @ 1.70GHz,4,3898112,2021-07-23,14:59:42,28,1332,100,30.99,8.03
116,Intel(R) Core(TM) i5-4210U CPU @ 1.70GHz,4,3898112,2021-07-23,14:59:44,28,1332,100,30.99,4.42
117,Intel(R) Core(TM) i5-4210U CPU @ 1.70GHz,4,3898112,2021-07-23,15:00:00,29,1351,100,31.03,7.99
118,Intel(R) Core(TM) i5-4210U CPU @ 1.70GHz,4,3898112,2021-07-23,15:00:02,29,1351,100,31.05,3.98
119,Intel(R) Core(TM) i5-4210U CPU @ 1.70GHz,4,3898112,2021-07-23,15:00:05,29,1351,100,31.06,4.41
120,Intel(R) Core(TM) i5-4210U CPU @ 1.70GHz,4,3898112,2021-07-23,15:00:07,29,1351,100,31.04,8.03
121,Intel(R) Core(TM) i5-4210U CPU @ 1.70GHz,4,3898112,2021-07-23,15:00:20,30,1370,100,31.10,8.00
122,Intel(R) Core(TM) i5-4210U CPU @ 1.70GHz,4,3898112,2021-07-23,15:00:23,30,1370,100,31.09,4.44
123,Intel(R) Core(TM) i5-4210U CPU @ 1.70GHz,4,3898112,2021-07-23,15:00:25,30,1370,100,31.07,8.00
124,Intel(R) Core(TM) i5-4210U CPU @ 1.70GHz,4,3898112,2021-07-23,15:00:28,30,1370,100,31.11,7.96
125,Intel(R) Core(TM) i5-4210U CPU @ 1.70GHz,4,3898112,2021-07-23,15:00:40,31,1389,100,31.15,7.98
126,Intel(R) Core(TM) i5-4210U CPU @ 1.70GHz,4,3898112,2021-07-23,15:00:43,31,1389,100,31.13,4.39
127,Intel(R) Core(TM) i5-4210U CPU @ 1.70GHz,4,3898112,2021-07-23,15:00:45,31,1389,100,31.15,8.11
128,Intel(R) Core(TM) i5-4210U CPU @ 1.70GHz,4,3898112,2021-07-23,15:00:48,31,1389,100,31.19,8.00
129,Intel(R) Core(TM) i5-4210U CPU @ 1.70GHz,4,3898112,2021-07-23,15:01:01,32,1408,100,31.20,8.43
130,Intel(R) Core(TM) i5-4210U CPU @ 1.70GHz,4,3898112,2021-07-23,15:01:03,32,1408,100,31.19,8.32
131,Intel(R) Core(TM) i5-4210U CPU @ 1.70GHz,4,3898112,2021-07-23,15:01:05,32,1408,100,31.32,3.99
132,Intel(R) Core(TM) i5-4210U CPU @ 1.70GHz,4,3898112,2021-07-23,15:01:08,32,1408,100,31.19,8.29
133,Intel(R) Core(TM) i5-4210U CPU @ 1.70GHz,4,3898112,2021-07-23,15:01:10,32,1408,100,31.21,8.29
134,Intel(R) Core(TM) i5-4210U CPU @ 1.70GHz,4,3898112,2021-07-23,15:01:23,33,1427,100,31.24,8.29
135,Intel(R) Core(TM) i5-4210U CPU @ 1.70GHz,4,3898112,2021-07-23,15:01:25,33,1427,100,31.26,8.33
136,Intel(R) Core(TM) i5-4210U CPU @ 1.70GHz,4,3898112,2021-07-23,15:01:28,33,1427,100,31.29,8.31
137,Intel(R) Core(TM) i5-4210U CPU @ 1.70GHz,4,3898112,2021-07-23,15:01:30,33,1427,100,31.30,8.45
138,Intel(R) Core(TM) i5-4210U CPU @ 1.70GHz,4,3898112,2021-07-23,15:01:43,34,1446,100,32.09,8.28
139,Intel(R) Core(TM) i5-4210U CPU @ 1.70GHz,4,3898112,2021-07-23,15:01:45,34,1446,100,32.08,8.39
140,Intel(R) Core(TM) i5-4210U CPU @ 1.70GHz,4,3898112,2021-07-23,15:01:48,34,1446,100,32.10,8.33
141,Intel(R) Core(TM) i5-4210U CPU @ 1.70GHz,4,3898112,2021-07-23,15:01:50,34,1446,100,32.14,8.41
142,Intel(R) Core(TM) i5-4210U CPU @ 1.70GHz,4,3898112,2021-07-23,15:02:03,35,1465,100,32.17,8.29
143,Intel(R) Core(TM) i5-4210U CPU @ 1.70GHz,4,3898112,2021-07-23,15:02:05,35,1465,100,31.40,8.57
144,Intel(R) Core(TM) i5-4210U CPU @ 1.70GHz,4,3898112,2021-07-23,15:02:08,35,1465,100,32.16,8.38
145,Intel(R) Core(TM) i5-4210U CPU @ 1.70GHz,4,3898112,2021-07-23,15:02:10,35,1465,100,31.41,8.30
146,Intel(R) Core(TM) i5-4210U CPU @ 1.70GHz,4,3898112,2021-07-23,15:02:23,36,1484,100,32.21,8.33
147,Intel(R) Core(TM) i5-4210U CPU @ 1.70GHz,4,3898112,2021-07-23,15:02:25,36,1484,100,31.44,3.99
148,Intel(R) Core(TM) i5-4210U CPU @ 1.70GHz,4,3898112,2021-07-23,15:02:28,36,1484,100,32.22,8.26
149,Intel(R) Core(TM) i5-4210U CPU @ 1.70GHz,4,3898112,2021-07-23,15:02:30,36,1484,100,31.43,3.99
150,Intel(R) Core(TM) i5-4210U CPU @ 1.70GHz,4,3898112,2021-07-23,15:02:46,37,1503,100,32.27,8.81
151,Intel(R) Core(TM) i5-4210U CPU @ 1.70GHz,4,3898112,2021-07-23,15:02:48,37,1503,100,32.26,8.84
152,Intel(R) Core(TM) i5-4210U CPU @ 1.70GHz,4,3898112,2021-07-23,15:02:50,37,1503,100,31.48,8.70
153,Intel(R) Core(TM) i5-4210U CPU @ 1.70GHz,4,3898112,2021-07-23,15:02:53,37,1503,100,32.29,8.65
154,Intel(R) Core(TM) i5-4210U CPU @ 1.70GHz,4,3898112,2021-07-23,15:03:05,38,1522,100,31.52,8.87
155,Intel(R) Core(TM) i5-4210U CPU @ 1.70GHz,4,3898112,2021-07-23,15:03:08,38,1522,100,31.52,8.73
156,Intel(R) Core(TM) i5-4210U CPU @ 1.70GHz,4,3898112,2021-07-23,15:03:10,38,1522,100,31.52,8.61
157,Intel(R) Core(TM) i5-4210U CPU @ 1.70GHz,4,3898112,2021-07-23,15:03:13,38,1522,100,32.32,8.81
158,Intel(R) Core(TM) i5-4210U CPU @ 1.70GHz,4,3898112,2021-07-23,15:03:26,39,1541,100,32.31,8.83
159,Intel(R) Core(TM) i5-4210U CPU @ 1.70GHz,4,3898112,2021-07-23,15:03:28,39,1541,100,31.54,3.99
160,Intel(R) Core(TM) i5-4210U CPU @ 1.70GHz,4,3898112,2021-07-23,15:03:31,39,1541,100,31.57,8.71
161,Intel(R) Core(TM) i5-4210U CPU @ 1.70GHz,4,3898112,2021-07-23,15:03:33,39,1541,100,31.57,8.79
162,Intel(R) Core(TM) i5-4210U CPU @ 1.70GHz,4,3898112,2021-07-23,15:03:46,40,1560,100,31.62,8.75
163,Intel(R) Core(TM) i5-4210U CPU @ 1.70GHz,4,3898112,2021-07-23,15:03:48,40,1560,100,31.65,8.77
164,Intel(R) Core(TM) i5-4210U CPU @ 1.70GHz,4,3898112,2021-07-23,15:03:51,40,1560,100,31.64,8.76
165,Intel(R) Core(TM) i5-4210U CPU @ 1.70GHz,4,3898112,2021-07-23,15:03:53,40,1560,100,31.65,4.00
166,Intel(R) Core(TM) i5-4210U CPU @ 1.70GHz,4,3898112,2021-07-23,15:04:06,41,1579,100,31.67,8.73
167,Intel(R) Core(TM) i5-4210U CPU @ 1.70GHz,4,3898112,2021-07-23,15:04:09,41,1579,100,32.46,8.69
168,Intel(R) Core(TM) i5-4210U CPU @ 1.70GHz,4,3898112,2021-07-23,15:04:11,41,1579,100,31.67,8.70
169,Intel(R) Core(TM) i5-4210U CPU @ 1.70GHz,4,3898112,2021-07-23,15:04:14,41,1579,100,32.45,8.63
170,Intel(R) Core(TM) i5-4210U CPU @ 1.70GHz,4,3898112,2021-07-23,15:04:29,42,1598,100,31.76,8.69
171,Intel(R) Core(TM) i5-4210U CPU @ 1.70GHz,4,3898112,2021-07-23,15:04:31,42,1598,100,31.74,8.69
172,Intel(R) Core(TM) i5-4210U CPU @ 1.70GHz,4,3898112,2021-07-23,15:04:34,42,1598,100,32.57,8.79
173,Intel(R) Core(TM) i5-4210U CPU @ 1.70GHz,4,3898112,2021-07-23,15:04:36,42,1598,100,31.77,8.61
174,Intel(R) Core(TM) i5-4210U CPU @ 1.70GHz,4,3898112,2021-07-23,15:04:49,43,1617,100,31.82,9.14
175,Intel(R) Core(TM) i5-4210U CPU @ 1.70GHz,4,3898112,2021-07-23,15:04:51,43,1617,100,31.80,9.10
176,Intel(R) Core(TM) i5-4210U CPU @ 1.70GHz,4,3898112,2021-07-23,15:04:54,43,1617,100,31.82,9.10
177,Intel(R) Core(TM) i5-4210U CPU @ 1.70GHz,4,3898112,2021-07-23,15:04:57,43,1617,100,32.62,9.18
178,Intel(R) Core(TM) i5-4210U CPU @ 1.70GHz,4,3898112,2021-07-23,15:05:09,44,1636,100,31.82,9.17
179,Intel(R) Core(TM) i5-4210U CPU @ 1.70GHz,4,3898112,2021-07-23,15:05:12,44,1636,100,31.83,9.12
180,Intel(R) Core(TM) i5-4210U CPU @ 1.70GHz,4,3898112,2021-07-23,15:05:14,44,1636,99,31.85,3.99
181,Intel(R) Core(TM) i5-4210U CPU @ 1.70GHz,4,3898112,2021-07-23,15:05:17,44,1636,100,31.86,9.15
182,Intel(R) Core(TM) i5-4210U CPU @ 1.70GHz,4,3898112,2021-07-23,15:05:29,45,1655,100,31.87,9.08
183,Intel(R) Core(TM) i5-4210U CPU @ 1.70GHz,4,3898112,2021-07-23,15:05:32,45,1655,100,32.67,9.11
184,Intel(R) Core(TM) i5-4210U CPU @ 1.70GHz,4,3898112,2021-07-23,15:05:34,45,1655,100,31.90,9.06
185,Intel(R) Core(TM) i5-4210U CPU @ 1.70GHz,4,3898112,2021-07-23,15:05:37,45,1655,100,32.70,9.05
186,Intel(R) Core(TM) i5-4210U CPU @ 1.70GHz,4,3898112,2021-07-23,15:05:49,46,1674,100,32.00,9.10
187,Intel(R) Core(TM) i5-4210U CPU @ 1.70GHz,4,3898112,2021-07-23,15:05:52,46,1674,100,31.98,9.08
188,Intel(R) Core(TM) i5-4210U CPU @ 1.70GHz,4,3898112,2021-07-23,15:05:54,46,1674,100,32.06,9.13
189,Intel(R) Core(TM) i5-4210U CPU @ 1.70GHz,4,3898112,2021-07-23,15:05:57,46,1674,100,31.97,9.13
190,Intel(R) Core(TM) i5-4210U CPU @ 1.70GHz,4,3898112,2021-07-23,15:06:10,47,1693,100,31.98,9.09
191,Intel(R) Core(TM) i5-4210U CPU @ 1.70GHz,4,3898112,2021-07-23,15:06:13,47,1693,100,32.02,9.11
192,Intel(R) Core(TM) i5-4210U CPU @ 1.70GHz,4,3898112,2021-07-23,15:06:15,47,1693,100,32.03,9.10
193,Intel(R) Core(TM) i5-4210U CPU @ 1.70GHz,4,3898112,2021-07-23,15:06:18,47,1693,100,32.03,9.17
194,Intel(R) Core(TM) i5-4210U CPU @ 1.70GHz,4,3898112,2021-07-23,15:06:30,48,1712,100,32.81,9.46
195,Intel(R) Core(TM) i5-4210U CPU @ 1.70GHz,4,3898112,2021-07-23,15:06:33,48,1712,100,32.85,9.49
196,Intel(R) Core(TM) i5-4210U CPU @ 1.70GHz,4,3898112,2021-07-23,15:06:35,48,1712,100,32.82,9.50
197,Intel(R) Core(TM) i5-4210U CPU @ 1.70GHz,4,3898112,2021-07-23,15:06:38,48,1712,100,32.90,9.57
198,Intel(R) Core(TM) i5-4210U CPU @ 1.70GHz,4,3898112,2021-07-23,15:06:52,49,1731,100,32.12,9.67
199,Intel(R) Core(TM) i5-4210U CPU @ 1.70GHz,4,3898112,2021-07-23,15:06:55,49,1731,100,32.92,9.61
200,Intel(R) Core(TM) i5-4210U CPU @ 1.70GHz,4,3898112,2021-07-23,15:06:57,49,1731,100,32.14,9.52
201,Intel(R) Core(TM) i5-4210U CPU @ 1.70GHz,4,3898112,2021-07-23,15:07:00,49,1731,100,32.95,9.59
202,Intel(R) Core(TM) i5-4210U CPU @ 1.70GHz,4,3898112,2021-07-23,15:07:13,50,1750,100,32.97,9.45
203,Intel(R) Core(TM) i5-4210U CPU @ 1.70GHz,4,3898112,2021-07-23,15:07:15,50,1750,100,32.21,9.59
204,Intel(R) Core(TM) i5-4210U CPU @ 1.70GHz,4,3898112,2021-07-23,15:07:18,50,1750,100,32.97,9.64
205,Intel(R) Core(TM) i5-4210U CPU @ 1.70GHz,4,3898112,2021-07-23,15:07:20,50,1750,100,32.20,9.57
206,Intel(R) Core(TM) i5-4210U CPU @ 1.70GHz,4,3898112,2021-07-23,15:07:33,51,1769,100,32.21,3.98
207,Intel(R) Core(TM) i5-4210U CPU @ 1.70GHz,4,3898112,2021-07-23,15:07:36,51,1769,100,33.02,9.54
208,Intel(R) Core(TM) i5-4210U CPU @ 1.70GHz,4,3898112,2021-07-23,15:07:38,51,1769,100,32.24,9.55
209,Intel(R) Core(TM) i5-4210U CPU @ 1.70GHz,4,3898112,2021-07-23,15:07:41,51,1769,100,33.01,9.55
210,Intel(R) Core(TM) i5-4210U CPU @ 1.70GHz,4,3898112,2021-07-23,15:07:56,52,1788,100,32.28,9.54
211,Intel(R) Core(TM) i5-4210U CPU @ 1.70GHz,4,3898112,2021-07-23,15:07:59,52,1788,100,33.09,9.62
212,Intel(R) Core(TM) i5-4210U CPU @ 1.70GHz,4,3898112,2021-07-23,15:08:01,52,1788,100,32.29,3.99
213,Intel(R) Core(TM) i5-4210U CPU @ 1.70GHz,4,3898112,2021-07-23,15:08:16,53,1807,100,32.34,14.3
214,Intel(R) Core(TM) i5-4210U CPU @ 1.70GHz,4,3898112,2021-07-23,15:08:18,53,1807,100,32.34,14.3
215,Intel(R) Core(TM) i5-4210U CPU @ 1.70GHz,4,3898112,2021-07-23,15:08:21,53,1807,100,33.16,14.3
216,Intel(R) Core(TM) i5-4210U CPU @ 1.70GHz,4,3898112,2021-07-23,15:08:23,53,1807,100,32.38,14.3
217,Intel(R) Core(TM) i5-4210U CPU @ 1.70GHz,4,3898112,2021-07-23,15:08:34,54,1826,100,33.22,14.3
218,Intel(R) Core(TM) i5-4210U CPU @ 1.70GHz,4,3898112,2021-07-23,15:08:36,54,1826,100,33.22,14.2
219,Intel(R) Core(TM) i5-4210U CPU @ 1.70GHz,4,3898112,2021-07-23,15:08:39,54,1826,100,33.23,14.4
220,Intel(R) Core(TM) i5-4210U CPU @ 1.70GHz,4,3898112,2021-07-23,15:08:41,54,1826,100,33.25,14.5
221,Intel(R) Core(TM) i5-4210U CPU @ 1.70GHz,4,3898112,2021-07-23,15:08:43,54,1826,100,32.46,9.11
222,Intel(R) Core(TM) i5-4210U CPU @ 1.70GHz,4,3898112,2021-07-23,15:08:55,55,1845,100,33.29,14.4
223,Intel(R) Core(TM) i5-4210U CPU @ 1.70GHz,4,3898112,2021-07-23,15:08:57,55,1845,100,32.50,14.3
224,Intel(R) Core(TM) i5-4210U CPU @ 1.70GHz,4,3898112,2021-07-23,15:09:00,55,1845,100,33.31,14.3
225,Intel(R) Core(TM) i5-4210U CPU @ 1.70GHz,4,3898112,2021-07-23,15:09:02,55,1845,100,33.31,14.2
226,Intel(R) Core(TM) i5-4210U CPU @ 1.70GHz,4,3898112,2021-07-23,15:09:04,55,1845,99,32.53,14.3
227,Intel(R) Core(TM) i5-4210U CPU @ 1.70GHz,4,3898112,2021-07-23,15:09:16,56,1864,99,33.34,14.3
228,Intel(R) Core(TM) i5-4210U CPU @ 1.70GHz,4,3898112,2021-07-23,15:09:18,56,1864,100,32.56,14.3
229,Intel(R) Core(TM) i5-4210U CPU @ 1.70GHz,4,3898112,2021-07-23,15:09:20,56,1864,100,32.55,14.1
230,Intel(R) Core(TM) i5-4210U CPU @ 1.70GHz,4,3898112,2021-07-23,15:09:22,56,1864,100,32.53,14.5
231,Intel(R) Core(TM) i5-4210U CPU @ 1.70GHz,4,3898112,2021-07-23,15:09:25,56,1864,99,33.32,14.2
232,Intel(R) Core(TM) i5-4210U CPU @ 1.70GHz,4,3898112,2021-07-23,15:09:37,57,1883,100,32.64,14.3
233,Intel(R) Core(TM) i5-4210U CPU @ 1.70GHz,4,3898112,2021-07-23,15:09:39,57,1883,100,32.64,14.5
234,Intel(R) Core(TM) i5-4210U CPU @ 1.70GHz,4,3898112,2021-07-23,15:09:42,57,1883,100,32.65,14.3
235,Intel(R) Core(TM) i5-4210U CPU @ 1.70GHz,4,3898112,2021-07-23,15:09:44,57,1883,100,32.65,14.4
236,Intel(R) Core(TM) i5-4210U CPU @ 1.70GHz,4,3898112,2021-07-23,15:09:46,57,1883,100,32.65,14.6
237,Intel(R) Core(TM) i5-4210U CPU @ 1.70GHz,4,3898112,2021-07-23,15:09:58,58,1902,100,33.47,14.5
238,Intel(R) Core(TM) i5-4210U CPU @ 1.70GHz,4,3898112,2021-07-23,15:10:00,58,1902,100,33.46,14.4
239,Intel(R) Core(TM) i5-4210U CPU @ 1.70GHz,4,3898112,2021-07-23,15:10:03,58,1902,99,33.42,14.4
240,Intel(R) Core(TM) i5-4210U CPU @ 1.70GHz,4,3898112,2021-07-23,15:10:05,58,1902,99,33.51,14.3
241,Intel(R) Core(TM) i5-4210U CPU @ 1.70GHz,4,3898112,2021-07-23,15:10:19,59,1921,100,33.53,14.6
242,Intel(R) Core(TM) i5-4210U CPU @ 1.70GHz,4,3898112,2021-07-23,15:10:21,59,1921,99,32.75,14.7
243,Intel(R) Core(TM) i5-4210U CPU @ 1.70GHz,4,3898112,2021-07-23,15:10:23,59,1921,100,32.74,14.5
244,Intel(R) Core(TM) i5-4210U CPU @ 1.70GHz,4,3898112,2021-07-23,15:10:26,59,1921,100,33.54,14.6
245,Intel(R) Core(TM) i5-4210U CPU @ 1.70GHz,4,3898112,2021-07-23,15:10:40,60,1940,100,32.79,14.4
246,Intel(R) Core(TM) i5-4210U CPU @ 1.70GHz,4,3898112,2021-07-23,15:10:43,60,1940,100,33.60,14.3
247,Intel(R) Core(TM) i5-4210U CPU @ 1.70GHz,4,3898112,2021-07-23,15:10:45,60,1940,100,32.82,14.2
248,Intel(R) Core(TM) i5-4210U CPU @ 1.70GHz,4,3898112,2021-07-23,15:10:47,60,1940,100,32.81,14.4
249,Intel(R) Core(TM) i5-4210U CPU @ 1.70GHz,4,3898112,2021-07-23,15:11:00,61,1959,100,32.90,14.4
250,Intel(R) Core(TM) i5-4210U CPU @ 1.70GHz,4,3898112,2021-07-23,15:11:02,61,1959,100,32.89,14.6
251,Intel(R) Core(TM) i5-4210U CPU @ 1.70GHz,4,3898112,2021-07-23,15:11:04,61,1959,100,32.99,9.39
252,Intel(R) Core(TM) i5-4210U CPU @ 1.70GHz,4,3898112,2021-07-23,15:11:07,61,1959,100,32.90,14.3
253,Intel(R) Core(TM) i5-4210U CPU @ 1.70GHz,4,3898112,2021-07-23,15:11:09,61,1959,100,32.89,14.5
254,Intel(R) Core(TM) i5-4210U CPU @ 1.70GHz,4,3898112,2021-07-23,15:11:21,62,1978,99,32.93,14.8
255,Intel(R) Core(TM) i5-4210U CPU @ 1.70GHz,4,3898112,2021-07-23,15:11:24,62,1978,99,33.72,14.5
256,Intel(R) Core(TM) i5-4210U CPU @ 1.70GHz,4,3898112,2021-07-23,15:11:26,62,1978,100,33.73,14.4
257,Intel(R) Core(TM) i5-4210U CPU @ 1.70GHz,4,3898112,2021-07-23,15:11:28,62,1978,100,33.73,14.7
258,Intel(R) Core(TM) i5-4210U CPU @ 1.70GHz,4,3898112,2021-07-23,15:11:42,63,1997,100,32.99,14.2
259,Intel(R) Core(TM) i5-4210U CPU @ 1.70GHz,4,3898112,2021-07-23,15:11:44,63,1997,100,32.95,14.5
260,Intel(R) Core(TM) i5-4210U CPU @ 1.70GHz,4,3898112,2021-07-23,15:11:47,63,1997,99,33.72,14.4
261,Intel(R) Core(TM) i5-4210U CPU @ 1.70GHz,4,3898112,2021-07-23,15:11:49,63,1997,100,32.99,14.5
262,Intel(R) Core(TM) i5-4210U CPU @ 1.70GHz,4,3898112,2021-07-23,15:12:03,64,2016,100,33.04,14.6
263,Intel(R) Core(TM) i5-4210U CPU @ 1.70GHz,4,3898112,2021-07-23,15:12:06,64,2016,100,33.04,14.6
264,Intel(R) Core(TM) i5-4210U CPU @ 1.70GHz,4,3898112,2021-07-23,15:12:08,64,2016,100,33.07,14.4
265,Intel(R) Core(TM) i5-4210U CPU @ 1.70GHz,4,3898112,2021-07-23,15:12:11,64,2016,99,33.84,14.5
266,Intel(R) Core(TM) i5-4210U CPU @ 1.70GHz,4,3898112,2021-07-23,15:12:25,65,2035,100,33.15,14.6
267,Intel(R) Core(TM) i5-4210U CPU @ 1.70GHz,4,3898112,2021-07-23,15:12:27,65,2035,99,33.14,14.6
268,Intel(R) Core(TM) i5-4210U CPU @ 1.70GHz,4,3898112,2021-07-23,15:12:30,65,2035,100,33.16,14.7
269,Intel(R) Core(TM) i5-4210U CPU @ 1.70GHz,4,3898112,2021-07-23,15:12:32,65,2035,100,33.14,14.6
270,Intel(R) Core(TM) i5-4210U CPU @ 1.70GHz,4,3898112,2021-07-23,15:12:44,66,2054,99,33.98,14.5
271,Intel(R) Core(TM) i5-4210U CPU @ 1.70GHz,4,3898112,2021-07-23,15:12:46,66,2054,100,33.19,9.32
272,Intel(R) Core(TM) i5-4210U CPU @ 1.70GHz,4,3898112,2021-07-23,15:12:49,66,2054,100,33.94,14.3
273,Intel(R) Core(TM) i5-4210U CPU @ 1.70GHz,4,3898112,2021-07-23,15:12:51,66,2054,100,33.93,14.5
274,Intel(R) Core(TM) i5-4210U CPU @ 1.70GHz,4,3898112,2021-07-23,15:13:06,67,2073,100,34.07,14.6
275,Intel(R) Core(TM) i5-4210U CPU @ 1.70GHz,4,3898112,2021-07-23,15:13:08,67,2073,100,33.29,14.6
276,Intel(R) Core(TM) i5-4210U CPU @ 1.70GHz,4,3898112,2021-07-23,15:13:10,67,2073,100,33.30,14.5
277,Intel(R) Core(TM) i5-4210U CPU @ 1.70GHz,4,3898112,2021-07-23,15:13:13,67,2073,100,34.07,14.6
278,Intel(R) Core(TM) i5-4210U CPU @ 1.70GHz,4,3898112,2021-07-23,15:13:25,68,2092,100,33.30,14.6
279,Intel(R) Core(TM) i5-4210U CPU @ 1.70GHz,4,3898112,2021-07-23,15:13:27,68,2092,100,33.30,14.7
280,Intel(R) Core(TM) i5-4210U CPU @ 1.70GHz,4,3898112,2021-07-23,15:13:29,68,2092,100,33.43,9.25
281,Intel(R) Core(TM) i5-4210U CPU @ 1.70GHz,4,3898112,2021-07-23,15:13:32,68,2092,100,33.33,14.7
282,Intel(R) Core(TM) i5-4210U CPU @ 1.70GHz,4,3898112,2021-07-23,15:13:44,69,2111,100,33.36,14.7
283,Intel(R) Core(TM) i5-4210U CPU @ 1.70GHz,4,3898112,2021-07-23,15:13:47,69,2111,100,34.16,14.7
284,Intel(R) Core(TM) i5-4210U CPU @ 1.70GHz,4,3898112,2021-07-23,15:13:49,69,2111,100,34.16,14.6
285,Intel(R) Core(TM) i5-4210U CPU @ 1.70GHz,4,3898112,2021-07-23,15:13:51,69,2111,100,33.39,14.6
286,Intel(R) Core(TM) i5-4210U CPU @ 1.70GHz,4,3898112,2021-07-23,15:14:06,70,2130,99,33.42,14.6
287,Intel(R) Core(TM) i5-4210U CPU @ 1.70GHz,4,3898112,2021-07-23,15:14:08,70,2130,100,33.45,14.8
288,Intel(R) Core(TM) i5-4210U CPU @ 1.70GHz,4,3898112,2021-07-23,15:14:11,70,2130,100,33.46,14.6
289,Intel(R) Core(TM) i5-4210U CPU @ 1.70GHz,4,3898112,2021-07-23,15:14:13,70,2130,100,33.46,9.30
290,Intel(R) Core(TM) i5-4210U CPU @ 1.70GHz,4,3898112,2021-07-23,15:14:26,71,2149,100,33.50,14.6
291,Intel(R) Core(TM) i5-4210U CPU @ 1.70GHz,4,3898112,2021-07-23,15:14:28,71,2149,100,33.55,14.6
292,Intel(R) Core(TM) i5-4210U CPU @ 1.70GHz,4,3898112,2021-07-23,15:14:31,71,2149,100,33.52,14.6
293,Intel(R) Core(TM) i5-4210U CPU @ 1.70GHz,4,3898112,2021-07-23,15:14:33,71,2149,100,33.51,14.7
294,Intel(R) Core(TM) i5-4210U CPU @ 1.70GHz,4,3898112,2021-07-23,15:14:48,72,2168,99,34.34,14.3
295,Intel(R) Core(TM) i5-4210U CPU @ 1.70GHz,4,3898112,2021-07-23,15:14:50,72,2168,100,34.37,14.5
296,Intel(R) Core(TM) i5-4210U CPU @ 1.70GHz,4,3898112,2021-07-23,15:14:52,72,2168,100,33.59,14.6
297,Intel(R) Core(TM) i5-4210U CPU @ 1.70GHz,4,3898112,2021-07-23,15:14:55,72,2168,100,34.38,14.7
298,Intel(R) Core(TM) i5-4210U CPU @ 1.70GHz,4,3898112,2021-07-23,15:15:07,73,2187,100,34.41,14.6
299,Intel(R) Core(TM) i5-4210U CPU @ 1.70GHz,4,3898112,2021-07-23,15:15:09,73,2187,100,33.62,14.5
300,Intel(R) Core(TM) i5-4210U CPU @ 1.70GHz,4,3898112,2021-07-23,15:15:12,73,2187,100,34.43,14.7
301,Intel(R) Core(TM) i5-4210U CPU @ 1.70GHz,4,3898112,2021-07-23,15:15:14,73,2187,100,33.64,14.7
302,Intel(R) Core(TM) i5-4210U CPU @ 1.70GHz,4,3898112,2021-07-23,15:15:29,74,2206,100,33.71,14.7
303,Intel(R) Core(TM) i5-4210U CPU @ 1.70GHz,4,3898112,2021-07-23,15:15:31,74,2206,100,33.64,14.7
304,Intel(R) Core(TM) i5-4210U CPU @ 1.70GHz,4,3898112,2021-07-23,15:15:34,74,2206,100,33.69,14.7
305,Intel(R) Core(TM) i5-4210U CPU @ 1.70GHz,4,3898112,2021-07-23,15:15:36,74,2206,100,33.68,9.31
306,Intel(R) Core(TM) i5-4210U CPU @ 1.70GHz,4,3898112,2021-07-23,15:15:47,75,2225,98,34.52,14.5
307,Intel(R) Core(TM) i5-4210U CPU @ 1.70GHz,4,3898112,2021-07-23,15:15:49,75,2225,100,34.51,14.7
308,Intel(R) Core(TM) i5-4210U CPU @ 1.70GHz,4,3898112,2021-07-23,15:15:51,75,2225,100,33.73,9.32
309,Intel(R) Core(TM) i5-4210U CPU @ 1.70GHz,4,3898112,2021-07-23,15:15:54,75,2225,100,34.50,14.7
310,Intel(R) Core(TM) i5-4210U CPU @ 1.70GHz,4,3898112,2021-07-23,15:15:56,75,2225,100,34.53,14.8
311,Intel(R) Core(TM) i5-4210U CPU @ 1.70GHz,4,3898112,2021-07-23,15:16:09,76,2244,100,34.59,14.5
312,Intel(R) Core(TM) i5-4210U CPU @ 1.70GHz,4,3898112,2021-07-23,15:16:11,76,2244,100,33.82,14.4
313,Intel(R) Core(TM) i5-4210U CPU @ 1.70GHz,4,3898112,2021-07-23,15:16:14,76,2244,98,34.60,14.6
314,Intel(R) Core(TM) i5-4210U CPU @ 1.70GHz,4,3898112,2021-07-23,15:16:16,76,2244,100,33.83,14.7
315,Intel(R) Core(TM) i5-4210U CPU @ 1.70GHz,4,3898112,2021-07-23,15:16:29,77,2263,100,33.86,14.6
316,Intel(R) Core(TM) i5-4210U CPU @ 1.70GHz,4,3898112,2021-07-23,15:16:31,77,2263,100,33.85,14.4
317,Intel(R) Core(TM) i5-4210U CPU @ 1.70GHz,4,3898112,2021-07-23,15:16:34,77,2263,100,33.85,14.6
318,Intel(R) Core(TM) i5-4210U CPU @ 1.70GHz,4,3898112,2021-07-23,15:16:36,77,2263,100,33.86,14.6
319,Intel(R) Core(TM) i5-4210U CPU @ 1.70GHz,4,3898112,2021-07-23,15:16:38,77,2263,100,33.92,14.5
320,Intel(R) Core(TM) i5-4210U CPU @ 1.70GHz,4,3898112,2021-07-23,15:16:48,78,2282,100,34.67,14.7
321,Intel(R) Core(TM) i5-4210U CPU @ 1.70GHz,4,3898112,2021-07-23,15:16:50,78,2282,100,33.90,14.7
322,Intel(R) Core(TM) i5-4210U CPU @ 1.70GHz,4,3898112,2021-07-23,15:16:53,78,2282,100,33.91,14.7
323,Intel(R) Core(TM) i5-4210U CPU @ 1.70GHz,4,3898112,2021-07-23,15:16:55,78,2282,100,33.92,14.6
324,Intel(R) Core(TM) i5-4210U CPU @ 1.70GHz,4,3898112,2021-07-23,15:17:10,79,2301,100,33.97,14.7
325,Intel(R) Core(TM) i5-4210U CPU @ 1.70GHz,4,3898112,2021-07-23,15:17:12,79,2301,100,33.97,14.7
326,Intel(R) Core(TM) i5-4210U CPU @ 1.70GHz,4,3898112,2021-07-23,15:17:15,79,2301,100,33.99,14.7
327,Intel(R) Core(TM) i5-4210U CPU @ 1.70GHz,4,3898112,2021-07-23,15:17:17,79,2301,100,33.99,14.6
328,Intel(R) Core(TM) i5-4210U CPU @ 1.70GHz,4,3898112,2021-07-23,15:17:30,80,2320,100,33.96,14.5
329,Intel(R) Core(TM) i5-4210U CPU @ 1.70GHz,4,3898112,2021-07-23,15:17:32,80,2320,100,33.98,14.4
330,Intel(R) Core(TM) i5-4210U CPU @ 1.70GHz,4,3898112,2021-07-23,15:17:35,80,2320,100,34.01,14.7
331,Intel(R) Core(TM) i5-4210U CPU @ 1.70GHz,4,3898112,2021-07-23,15:17:37,80,2320,100,34.00,14.5
332,Intel(R) Core(TM) i5-4210U CPU @ 1.70GHz,4,3898112,2021-07-23,15:17:39,80,2320,100,34.14,14.6
333,Intel(R) Core(TM) i5-4210U CPU @ 1.70GHz,4,3898112,2021-07-23,15:17:50,81,2339,100,34.80,14.6
334,Intel(R) Core(TM) i5-4210U CPU @ 1.70GHz,4,3898112,2021-07-23,15:17:52,81,2339,100,34.04,14.6
335,Intel(R) Core(TM) i5-4210U CPU @ 1.70GHz,4,3898112,2021-07-23,15:17:55,81,2339,99,34.87,14.6
336,Intel(R) Core(TM) i5-4210U CPU @ 1.70GHz,4,3898112,2021-07-23,15:17:57,81,2339,100,34.90,14.6
337,Intel(R) Core(TM) i5-4210U CPU @ 1.70GHz,4,3898112,2021-07-23,15:18:12,82,2358,99,34.14,14.7
338,Intel(R) Core(TM) i5-4210U CPU @ 1.70GHz,4,3898112,2021-07-23,15:18:14,82,2358,100,34.14,14.8
339,Intel(R) Core(TM) i5-4210U CPU @ 1.70GHz,4,3898112,2021-07-23,15:18:17,82,2358,99,34.13,14.7
340,Intel(R) Core(TM) i5-4210U CPU @ 1.70GHz,4,3898112,2021-07-23,15:18:19,82,2358,100,34.14,14.4
341,Intel(R) Core(TM) i5-4210U CPU @ 1.70GHz,4,3898112,2021-07-23,15:18:32,83,2377,100,34.19,14.5
342,Intel(R) Core(TM) i5-4210U CPU @ 1.70GHz,4,3898112,2021-07-23,15:18:34,83,2377,100,34.19,14.6
343,Intel(R) Core(TM) i5-4210U CPU @ 1.70GHz,4,3898112,2021-07-23,15:18:37,83,2377,100,34.93,14.4
344,Intel(R) Core(TM) i5-4210U CPU @ 1.70GHz,4,3898112,2021-07-23,15:18:39,83,2377,100,34.22,14.7
345,Intel(R) Core(TM) i5-4210U CPU @ 1.70GHz,4,3898112,2021-07-23,15:18:52,84,2396,100,35.04,14.7
346,Intel(R) Core(TM) i5-4210U CPU @ 1.70GHz,4,3898112,2021-07-23,15:18:54,84,2396,100,35.05,14.7
347,Intel(R) Core(TM) i5-4210U CPU @ 1.70GHz,4,3898112,2021-07-23,15:18:57,84,2396,100,35.04,14.4
348,Intel(R) Core(TM) i5-4210U CPU @ 1.70GHz,4,3898112,2021-07-23,15:18:59,84,2396,100,34.27,9.43
349,Intel(R) Core(TM) i5-4210U CPU @ 1.70GHz,4,3898112,2021-07-23,15:19:15,85,2415,100,35.10,14.8
350,Intel(R) Core(TM) i5-4210U CPU @ 1.70GHz,4,3898112,2021-07-23,15:19:17,85,2415,100,34.32,9.34
351,Intel(R) Core(TM) i5-4210U CPU @ 1.70GHz,4,3898112,2021-07-23,15:19:20,85,2415,99,35.11,14.7
352,Intel(R) Core(TM) i5-4210U CPU @ 1.70GHz,4,3898112,2021-07-23,15:19:22,85,2415,100,34.35,14.6
353,Intel(R) Core(TM) i5-4210U CPU @ 1.70GHz,4,3898112,2021-07-23,15:19:35,86,2434,100,34.39,14.7
354,Intel(R) Core(TM) i5-4210U CPU @ 1.70GHz,4,3898112,2021-07-23,15:19:37,86,2434,100,34.39,14.7
355,Intel(R) Core(TM) i5-4210U CPU @ 1.70GHz,4,3898112,2021-07-23,15:19:40,86,2434,100,34.41,14.6
356,Intel(R) Core(TM) i5-4210U CPU @ 1.70GHz,4,3898112,2021-07-23,15:19:42,86,2434,100,34.41,14.7
357,Intel(R) Core(TM) i5-4210U CPU @ 1.70GHz,4,3898112,2021-07-23,15:19:55,87,2453,100,35.23,14.5
358,Intel(R) Core(TM) i5-4210U CPU @ 1.70GHz,4,3898112,2021-07-23,15:19:57,87,2453,100,34.45,14.7
359,Intel(R) Core(TM) i5-4210U CPU @ 1.70GHz,4,3898112,2021-07-23,15:20:00,87,2453,100,35.26,14.6
360,Intel(R) Core(TM) i5-4210U CPU @ 1.70GHz,4,3898112,2021-07-23,15:20:02,87,2453,100,34.46,14.4
361,Intel(R) Core(TM) i5-4210U CPU @ 1.70GHz,4,3898112,2021-07-23,15:20:15,88,2472,100,35.27,14.4
362,Intel(R) Core(TM) i5-4210U CPU @ 1.70GHz,4,3898112,2021-07-23,15:20:17,88,2472,100,34.50,14.6
363,Intel(R) Core(TM) i5-4210U CPU @ 1.70GHz,4,3898112,2021-07-23,15:20:20,88,2472,100,35.28,14.7
364,Intel(R) Core(TM) i5-4210U CPU @ 1.70GHz,4,3898112,2021-07-23,15:20:22,88,2472,100,34.51,14.6
365,Intel(R) Core(TM) i5-4210U CPU @ 1.70GHz,4,3898112,2021-07-23,15:20:38,89,2491,100,35.37,14.7
366,Intel(R) Core(TM) i5-4210U CPU @ 1.70GHz,4,3898112,2021-07-23,15:20:40,89,2491,100,34.59,14.8
367,Intel(R) Core(TM) i5-4210U CPU @ 1.70GHz,4,3898112,2021-07-23,15:20:43,89,2491,100,34.59,14.7
368,Intel(R) Core(TM) i5-4210U CPU @ 1.70GHz,4,3898112,2021-07-23,15:20:58,90,2510,100,35.41,14.9
369,Intel(R) Core(TM) i5-4210U CPU @ 1.70GHz,4,3898112,2021-07-23,15:21:00,90,2510,100,34.64,14.7
370,Intel(R) Core(TM) i5-4210U CPU @ 1.70GHz,4,3898112,2021-07-23,15:21:02,90,2510,100,34.62,14.8
371,Intel(R) Core(TM) i5-4210U CPU @ 1.70GHz,4,3898112,2021-07-23,15:21:05,90,2510,100,34.65,14.7
372,Intel(R) Core(TM) i5-4210U CPU @ 1.70GHz,4,3898112,2021-07-23,15:21:18,91,2529,100,34.68,14.8
373,Intel(R) Core(TM) i5-4210U CPU @ 1.70GHz,4,3898112,2021-07-23,15:21:20,91,2529,100,34.70,14.8
374,Intel(R) Core(TM) i5-4210U CPU @ 1.70GHz,4,3898112,2021-07-23,15:21:23,91,2529,100,34.72,14.7
375,Intel(R) Core(TM) i5-4210U CPU @ 1.70GHz,4,3898112,2021-07-23,15:21:25,91,2529,100,34.72,9.38
376,Intel(R) Core(TM) i5-4210U CPU @ 1.70GHz,4,3898112,2021-07-23,15:21:38,92,2548,100,34.76,9.37
377,Intel(R) Core(TM) i5-4210U CPU @ 1.70GHz,4,3898112,2021-07-23,15:21:41,92,2548,100,35.55,14.9
378,Intel(R) Core(TM) i5-4210U CPU @ 1.70GHz,4,3898112,2021-07-23,15:21:43,92,2548,100,34.77,14.8
379,Intel(R) Core(TM) i5-4210U CPU @ 1.70GHz,4,3898112,2021-07-23,15:21:46,92,2548,100,34.77,14.7
380,Intel(R) Core(TM) i5-4210U CPU @ 1.70GHz,4,3898112,2021-07-23,15:21:59,93,2567,100,34.81,14.8
381,Intel(R) Core(TM) i5-4210U CPU @ 1.70GHz,4,3898112,2021-07-23,15:22:02,93,2567,100,34.85,14.8
382,Intel(R) Core(TM) i5-4210U CPU @ 1.70GHz,4,3898112,2021-07-23,15:22:04,93,2567,100,34.82,14.7
383,Intel(R) Core(TM) i5-4210U CPU @ 1.70GHz,4,3898112,2021-07-23,15:22:07,93,2567,100,34.86,14.6
384,Intel(R) Core(TM) i5-4210U CPU @ 1.70GHz,4,3898112,2021-07-23,15:22:17,94,2586,99,35.62,14.5
385,Intel(R) Core(TM) i5-4210U CPU @ 1.70GHz,4,3898112,2021-07-23,15:22:19,94,2586,100,34.85,9.35
386,Intel(R) Core(TM) i5-4210U CPU @ 1.70GHz,4,3898112,2021-07-23,15:22:22,94,2586,100,35.67,14.6
387,Intel(R) Core(TM) i5-4210U CPU @ 1.70GHz,4,3898112,2021-07-23,15:22:24,94,2586,100,34.91,14.7
388,Intel(R) Core(TM) i5-4210U CPU @ 1.70GHz,4,3898112,2021-07-23,15:22:40,95,2605,100,34.88,14.2
389,Intel(R) Core(TM) i5-4210U CPU @ 1.70GHz,4,3898112,2021-07-23,15:22:43,95,2605,100,34.89,14.1
390,Intel(R) Core(TM) i5-4210U CPU @ 1.70GHz,4,3898112,2021-07-23,15:22:45,95,2605,100,34.92,14.2
391,Intel(R) Core(TM) i5-4210U CPU @ 1.70GHz,4,3898112,2021-07-23,15:22:59,96,2624,100,35.61,14.1
392,Intel(R) Core(TM) i5-4210U CPU @ 1.70GHz,4,3898112,2021-07-23,15:23:01,96,2624,100,34.95,14.1
393,Intel(R) Core(TM) i5-4210U CPU @ 1.70GHz,4,3898112,2021-07-23,15:23:04,96,2624,100,34.96,14.2
394,Intel(R) Core(TM) i5-4210U CPU @ 1.70GHz,4,3898112,2021-07-23,15:23:06,96,2624,100,34.97,14.2
395,Intel(R) Core(TM) i5-4210U CPU @ 1.70GHz,4,3898112,2021-07-23,15:23:20,97,2643,100,35.09,14.1
396,Intel(R) Core(TM) i5-4210U CPU @ 1.70GHz,4,3898112,2021-07-23,15:23:22,97,2643,100,35.01,14.2
397,Intel(R) Core(TM) i5-4210U CPU @ 1.70GHz,4,3898112,2021-07-23,15:23:25,97,2643,100,35.02,14.1
398,Intel(R) Core(TM) i5-4210U CPU @ 1.70GHz,4,3898112,2021-07-23,15:23:27,97,2643,100,35.02,14.2
399,Intel(R) Core(TM) i5-4210U CPU @ 1.70GHz,4,3898112,2021-07-23,15:23:41,98,2662,100,35.83,13.6
400,Intel(R) Core(TM) i5-4210U CPU @ 1.70GHz,4,3898112,2021-07-23,15:23:43,98,2662,100,35.06,14.3
401,Intel(R) Core(TM) i5-4210U CPU @ 1.70GHz,4,3898112,2021-07-23,15:23:46,98,2662,100,35.07,14.1
402,Intel(R) Core(TM) i5-4210U CPU @ 1.70GHz,4,3898112,2021-07-23,15:24:00,99,2681,100,35.88,14.1
403,Intel(R) Core(TM) i5-4210U CPU @ 1.70GHz,4,3898112,2021-07-23,15:24:02,99,2681,100,35.10,14.1
404,Intel(R) Core(TM) i5-4210U CPU @ 1.70GHz,4,3898112,2021-07-23,15:24:05,99,2681,100,35.10,14.1
405,Intel(R) Core(TM) i5-4210U CPU @ 1.70GHz,4,3898112,2021-07-23,15:24:08,99,2681,100,35.88,14.0
406,Intel(R) Core(TM) i5-4210U CPU @ 1.70GHz,4,3898112,2021-07-23,15:24:21,100,2700,100,35.11,14.1
407,Intel(R) Core(TM) i5-4210U CPU @ 1.70GHz,4,3898112,2021-07-23,15:24:24,100,2700,100,35.12,14.1
408,Intel(R) Core(TM) i5-4210U CPU @ 1.70GHz,4,3898112,2021-07-23,15:24:26,100,2700,100,35.15,14.3
409,Intel(R) Core(TM) i5-4210U CPU @ 1.70GHz,4,3898112,2021-07-23,15:24:29,100,2700,100,35.14,14.2
